USE Task_db;
create table Olivia_task_submitted (Task_number INT, Sysad VARCHAR(3), Web VARCHAR(3), App VARCHAR(3));
INSERT INTO Olivia_task_submitted (Task_number, Sysad, Web, App) Values (1, "n", "n", "n");
INSERT INTO Olivia_task_submitted (Task_number, Sysad, Web, App) Values (2, "n", "n", "n");
INSERT INTO Olivia_task_submitted (Task_number, Sysad, Web, App) Values (3, "n", "n", "n");
create table Olivia_task_completed (Task_number INT, Sysad VARCHAR(3), Web VARCHAR(3), App VARCHAR(3));
INSERT INTO Olivia_task_completed (Task_number, Sysad, Web, App) Values (1, "n", "n", "n");
INSERT INTO Olivia_task_completed (Task_number, Sysad, Web, App) Values (2, "n", "n", "n");
INSERT INTO Olivia_task_completed (Task_number, Sysad, Web, App) Values (3, "n", "n", "n");
create table Liam_task_submitted (Task_number INT, Sysad VARCHAR(3), Web VARCHAR(3), App VARCHAR(3));
INSERT INTO Liam_task_submitted (Task_number, Sysad, Web, App) Values (1, "n", "n", "n");
INSERT INTO Liam_task_submitted (Task_number, Sysad, Web, App) Values (2, "n", "n", "n");
INSERT INTO Liam_task_submitted (Task_number, Sysad, Web, App) Values (3, "n", "n", "n");
create table Liam_task_completed (Task_number INT, Sysad VARCHAR(3), Web VARCHAR(3), App VARCHAR(3));
INSERT INTO Liam_task_completed (Task_number, Sysad, Web, App) Values (1, "n", "n", "n");
INSERT INTO Liam_task_completed (Task_number, Sysad, Web, App) Values (2, "n", "n", "n");
INSERT INTO Liam_task_completed (Task_number, Sysad, Web, App) Values (3, "n", "n", "n");
create table Emma_task_submitted (Task_number INT, Sysad VARCHAR(3), Web VARCHAR(3), App VARCHAR(3));
INSERT INTO Emma_task_submitted (Task_number, Sysad, Web, App) Values (1, "n", "n", "n");
INSERT INTO Emma_task_submitted (Task_number, Sysad, Web, App) Values (2, "n", "n", "n");
INSERT INTO Emma_task_submitted (Task_number, Sysad, Web, App) Values (3, "n", "n", "n");
create table Emma_task_completed (Task_number INT, Sysad VARCHAR(3), Web VARCHAR(3), App VARCHAR(3));
INSERT INTO Emma_task_completed (Task_number, Sysad, Web, App) Values (1, "n", "n", "n");
INSERT INTO Emma_task_completed (Task_number, Sysad, Web, App) Values (2, "n", "n", "n");
INSERT INTO Emma_task_completed (Task_number, Sysad, Web, App) Values (3, "n", "n", "n");
create table Noah_task_submitted (Task_number INT, Sysad VARCHAR(3), Web VARCHAR(3), App VARCHAR(3));
INSERT INTO Noah_task_submitted (Task_number, Sysad, Web, App) Values (1, "n", "n", "n");
INSERT INTO Noah_task_submitted (Task_number, Sysad, Web, App) Values (2, "n", "n", "n");
INSERT INTO Noah_task_submitted (Task_number, Sysad, Web, App) Values (3, "n", "n", "n");
create table Noah_task_completed (Task_number INT, Sysad VARCHAR(3), Web VARCHAR(3), App VARCHAR(3));
INSERT INTO Noah_task_completed (Task_number, Sysad, Web, App) Values (1, "n", "n", "n");
INSERT INTO Noah_task_completed (Task_number, Sysad, Web, App) Values (2, "n", "n", "n");
INSERT INTO Noah_task_completed (Task_number, Sysad, Web, App) Values (3, "n", "n", "n");
create table Ava_task_submitted (Task_number INT, Sysad VARCHAR(3), Web VARCHAR(3), App VARCHAR(3));
INSERT INTO Ava_task_submitted (Task_number, Sysad, Web, App) Values (1, "n", "n", "n");
INSERT INTO Ava_task_submitted (Task_number, Sysad, Web, App) Values (2, "n", "n", "n");
INSERT INTO Ava_task_submitted (Task_number, Sysad, Web, App) Values (3, "n", "n", "n");
create table Ava_task_completed (Task_number INT, Sysad VARCHAR(3), Web VARCHAR(3), App VARCHAR(3));
INSERT INTO Ava_task_completed (Task_number, Sysad, Web, App) Values (1, "n", "n", "n");
INSERT INTO Ava_task_completed (Task_number, Sysad, Web, App) Values (2, "n", "n", "n");
INSERT INTO Ava_task_completed (Task_number, Sysad, Web, App) Values (3, "n", "n", "n");
create table Elijah_task_submitted (Task_number INT, Sysad VARCHAR(3), Web VARCHAR(3), App VARCHAR(3));
INSERT INTO Elijah_task_submitted (Task_number, Sysad, Web, App) Values (1, "n", "n", "n");
INSERT INTO Elijah_task_submitted (Task_number, Sysad, Web, App) Values (2, "n", "n", "n");
INSERT INTO Elijah_task_submitted (Task_number, Sysad, Web, App) Values (3, "n", "n", "n");
create table Elijah_task_completed (Task_number INT, Sysad VARCHAR(3), Web VARCHAR(3), App VARCHAR(3));
INSERT INTO Elijah_task_completed (Task_number, Sysad, Web, App) Values (1, "n", "n", "n");
INSERT INTO Elijah_task_completed (Task_number, Sysad, Web, App) Values (2, "n", "n", "n");
INSERT INTO Elijah_task_completed (Task_number, Sysad, Web, App) Values (3, "n", "n", "n");
create table Sophia_task_submitted (Task_number INT, Sysad VARCHAR(3), Web VARCHAR(3), App VARCHAR(3));
INSERT INTO Sophia_task_submitted (Task_number, Sysad, Web, App) Values (1, "n", "n", "n");
INSERT INTO Sophia_task_submitted (Task_number, Sysad, Web, App) Values (2, "n", "n", "n");
INSERT INTO Sophia_task_submitted (Task_number, Sysad, Web, App) Values (3, "n", "n", "n");
create table Sophia_task_completed (Task_number INT, Sysad VARCHAR(3), Web VARCHAR(3), App VARCHAR(3));
INSERT INTO Sophia_task_completed (Task_number, Sysad, Web, App) Values (1, "n", "n", "n");
INSERT INTO Sophia_task_completed (Task_number, Sysad, Web, App) Values (2, "n", "n", "n");
INSERT INTO Sophia_task_completed (Task_number, Sysad, Web, App) Values (3, "n", "n", "n");
create table William_task_submitted (Task_number INT, Sysad VARCHAR(3), Web VARCHAR(3), App VARCHAR(3));
INSERT INTO William_task_submitted (Task_number, Sysad, Web, App) Values (1, "n", "n", "n");
INSERT INTO William_task_submitted (Task_number, Sysad, Web, App) Values (2, "n", "n", "n");
INSERT INTO William_task_submitted (Task_number, Sysad, Web, App) Values (3, "n", "n", "n");
create table William_task_completed (Task_number INT, Sysad VARCHAR(3), Web VARCHAR(3), App VARCHAR(3));
INSERT INTO William_task_completed (Task_number, Sysad, Web, App) Values (1, "n", "n", "n");
INSERT INTO William_task_completed (Task_number, Sysad, Web, App) Values (2, "n", "n", "n");
INSERT INTO William_task_completed (Task_number, Sysad, Web, App) Values (3, "n", "n", "n");
create table Mia_task_submitted (Task_number INT, Sysad VARCHAR(3), Web VARCHAR(3), App VARCHAR(3));
INSERT INTO Mia_task_submitted (Task_number, Sysad, Web, App) Values (1, "n", "n", "n");
INSERT INTO Mia_task_submitted (Task_number, Sysad, Web, App) Values (2, "n", "n", "n");
INSERT INTO Mia_task_submitted (Task_number, Sysad, Web, App) Values (3, "n", "n", "n");
create table Mia_task_completed (Task_number INT, Sysad VARCHAR(3), Web VARCHAR(3), App VARCHAR(3));
INSERT INTO Mia_task_completed (Task_number, Sysad, Web, App) Values (1, "n", "n", "n");
INSERT INTO Mia_task_completed (Task_number, Sysad, Web, App) Values (2, "n", "n", "n");
INSERT INTO Mia_task_completed (Task_number, Sysad, Web, App) Values (3, "n", "n", "n");
create table James_task_submitted (Task_number INT, Sysad VARCHAR(3), Web VARCHAR(3), App VARCHAR(3));
INSERT INTO James_task_submitted (Task_number, Sysad, Web, App) Values (1, "n", "n", "n");
INSERT INTO James_task_submitted (Task_number, Sysad, Web, App) Values (2, "n", "n", "n");
INSERT INTO James_task_submitted (Task_number, Sysad, Web, App) Values (3, "n", "n", "n");
create table James_task_completed (Task_number INT, Sysad VARCHAR(3), Web VARCHAR(3), App VARCHAR(3));
INSERT INTO James_task_completed (Task_number, Sysad, Web, App) Values (1, "n", "n", "n");
INSERT INTO James_task_completed (Task_number, Sysad, Web, App) Values (2, "n", "n", "n");
INSERT INTO James_task_completed (Task_number, Sysad, Web, App) Values (3, "n", "n", "n");
create table Charlotte_task_submitted (Task_number INT, Sysad VARCHAR(3), Web VARCHAR(3), App VARCHAR(3));
INSERT INTO Charlotte_task_submitted (Task_number, Sysad, Web, App) Values (1, "n", "n", "n");
INSERT INTO Charlotte_task_submitted (Task_number, Sysad, Web, App) Values (2, "n", "n", "n");
INSERT INTO Charlotte_task_submitted (Task_number, Sysad, Web, App) Values (3, "n", "n", "n");
create table Charlotte_task_completed (Task_number INT, Sysad VARCHAR(3), Web VARCHAR(3), App VARCHAR(3));
INSERT INTO Charlotte_task_completed (Task_number, Sysad, Web, App) Values (1, "n", "n", "n");
INSERT INTO Charlotte_task_completed (Task_number, Sysad, Web, App) Values (2, "n", "n", "n");
INSERT INTO Charlotte_task_completed (Task_number, Sysad, Web, App) Values (3, "n", "n", "n");
create table Benjamin_task_submitted (Task_number INT, Sysad VARCHAR(3), Web VARCHAR(3), App VARCHAR(3));
INSERT INTO Benjamin_task_submitted (Task_number, Sysad, Web, App) Values (1, "n", "n", "n");
INSERT INTO Benjamin_task_submitted (Task_number, Sysad, Web, App) Values (2, "n", "n", "n");
INSERT INTO Benjamin_task_submitted (Task_number, Sysad, Web, App) Values (3, "n", "n", "n");
create table Benjamin_task_completed (Task_number INT, Sysad VARCHAR(3), Web VARCHAR(3), App VARCHAR(3));
INSERT INTO Benjamin_task_completed (Task_number, Sysad, Web, App) Values (1, "n", "n", "n");
INSERT INTO Benjamin_task_completed (Task_number, Sysad, Web, App) Values (2, "n", "n", "n");
INSERT INTO Benjamin_task_completed (Task_number, Sysad, Web, App) Values (3, "n", "n", "n");
create table Isabella_task_submitted (Task_number INT, Sysad VARCHAR(3), Web VARCHAR(3), App VARCHAR(3));
INSERT INTO Isabella_task_submitted (Task_number, Sysad, Web, App) Values (1, "n", "n", "n");
INSERT INTO Isabella_task_submitted (Task_number, Sysad, Web, App) Values (2, "n", "n", "n");
INSERT INTO Isabella_task_submitted (Task_number, Sysad, Web, App) Values (3, "n", "n", "n");
create table Isabella_task_completed (Task_number INT, Sysad VARCHAR(3), Web VARCHAR(3), App VARCHAR(3));
INSERT INTO Isabella_task_completed (Task_number, Sysad, Web, App) Values (1, "n", "n", "n");
INSERT INTO Isabella_task_completed (Task_number, Sysad, Web, App) Values (2, "n", "n", "n");
INSERT INTO Isabella_task_completed (Task_number, Sysad, Web, App) Values (3, "n", "n", "n");
create table Lucas_task_submitted (Task_number INT, Sysad VARCHAR(3), Web VARCHAR(3), App VARCHAR(3));
INSERT INTO Lucas_task_submitted (Task_number, Sysad, Web, App) Values (1, "n", "n", "n");
INSERT INTO Lucas_task_submitted (Task_number, Sysad, Web, App) Values (2, "n", "n", "n");
INSERT INTO Lucas_task_submitted (Task_number, Sysad, Web, App) Values (3, "n", "n", "n");
create table Lucas_task_completed (Task_number INT, Sysad VARCHAR(3), Web VARCHAR(3), App VARCHAR(3));
INSERT INTO Lucas_task_completed (Task_number, Sysad, Web, App) Values (1, "n", "n", "n");
INSERT INTO Lucas_task_completed (Task_number, Sysad, Web, App) Values (2, "n", "n", "n");
INSERT INTO Lucas_task_completed (Task_number, Sysad, Web, App) Values (3, "n", "n", "n");
create table Amelia_task_submitted (Task_number INT, Sysad VARCHAR(3), Web VARCHAR(3), App VARCHAR(3));
INSERT INTO Amelia_task_submitted (Task_number, Sysad, Web, App) Values (1, "n", "n", "n");
INSERT INTO Amelia_task_submitted (Task_number, Sysad, Web, App) Values (2, "n", "n", "n");
INSERT INTO Amelia_task_submitted (Task_number, Sysad, Web, App) Values (3, "n", "n", "n");
create table Amelia_task_completed (Task_number INT, Sysad VARCHAR(3), Web VARCHAR(3), App VARCHAR(3));
INSERT INTO Amelia_task_completed (Task_number, Sysad, Web, App) Values (1, "n", "n", "n");
INSERT INTO Amelia_task_completed (Task_number, Sysad, Web, App) Values (2, "n", "n", "n");
INSERT INTO Amelia_task_completed (Task_number, Sysad, Web, App) Values (3, "n", "n", "n");
create table Oliver_task_submitted (Task_number INT, Sysad VARCHAR(3), Web VARCHAR(3), App VARCHAR(3));
INSERT INTO Oliver_task_submitted (Task_number, Sysad, Web, App) Values (1, "n", "n", "n");
INSERT INTO Oliver_task_submitted (Task_number, Sysad, Web, App) Values (2, "n", "n", "n");
INSERT INTO Oliver_task_submitted (Task_number, Sysad, Web, App) Values (3, "n", "n", "n");
create table Oliver_task_completed (Task_number INT, Sysad VARCHAR(3), Web VARCHAR(3), App VARCHAR(3));
INSERT INTO Oliver_task_completed (Task_number, Sysad, Web, App) Values (1, "n", "n", "n");
INSERT INTO Oliver_task_completed (Task_number, Sysad, Web, App) Values (2, "n", "n", "n");
INSERT INTO Oliver_task_completed (Task_number, Sysad, Web, App) Values (3, "n", "n", "n");
create table Harper_task_submitted (Task_number INT, Sysad VARCHAR(3), Web VARCHAR(3), App VARCHAR(3));
INSERT INTO Harper_task_submitted (Task_number, Sysad, Web, App) Values (1, "n", "n", "n");
INSERT INTO Harper_task_submitted (Task_number, Sysad, Web, App) Values (2, "n", "n", "n");
INSERT INTO Harper_task_submitted (Task_number, Sysad, Web, App) Values (3, "n", "n", "n");
create table Harper_task_completed (Task_number INT, Sysad VARCHAR(3), Web VARCHAR(3), App VARCHAR(3));
INSERT INTO Harper_task_completed (Task_number, Sysad, Web, App) Values (1, "n", "n", "n");
INSERT INTO Harper_task_completed (Task_number, Sysad, Web, App) Values (2, "n", "n", "n");
INSERT INTO Harper_task_completed (Task_number, Sysad, Web, App) Values (3, "n", "n", "n");
create table Henry_task_submitted (Task_number INT, Sysad VARCHAR(3), Web VARCHAR(3), App VARCHAR(3));
INSERT INTO Henry_task_submitted (Task_number, Sysad, Web, App) Values (1, "n", "n", "n");
INSERT INTO Henry_task_submitted (Task_number, Sysad, Web, App) Values (2, "n", "n", "n");
INSERT INTO Henry_task_submitted (Task_number, Sysad, Web, App) Values (3, "n", "n", "n");
create table Henry_task_completed (Task_number INT, Sysad VARCHAR(3), Web VARCHAR(3), App VARCHAR(3));
INSERT INTO Henry_task_completed (Task_number, Sysad, Web, App) Values (1, "n", "n", "n");
INSERT INTO Henry_task_completed (Task_number, Sysad, Web, App) Values (2, "n", "n", "n");
INSERT INTO Henry_task_completed (Task_number, Sysad, Web, App) Values (3, "n", "n", "n");
create table Evelyn_task_submitted (Task_number INT, Sysad VARCHAR(3), Web VARCHAR(3), App VARCHAR(3));
INSERT INTO Evelyn_task_submitted (Task_number, Sysad, Web, App) Values (1, "n", "n", "n");
INSERT INTO Evelyn_task_submitted (Task_number, Sysad, Web, App) Values (2, "n", "n", "n");
INSERT INTO Evelyn_task_submitted (Task_number, Sysad, Web, App) Values (3, "n", "n", "n");
create table Evelyn_task_completed (Task_number INT, Sysad VARCHAR(3), Web VARCHAR(3), App VARCHAR(3));
INSERT INTO Evelyn_task_completed (Task_number, Sysad, Web, App) Values (1, "n", "n", "n");
INSERT INTO Evelyn_task_completed (Task_number, Sysad, Web, App) Values (2, "n", "n", "n");
INSERT INTO Evelyn_task_completed (Task_number, Sysad, Web, App) Values (3, "n", "n", "n");
create table Alexander_task_submitted (Task_number INT, Sysad VARCHAR(3), Web VARCHAR(3), App VARCHAR(3));
INSERT INTO Alexander_task_submitted (Task_number, Sysad, Web, App) Values (1, "n", "n", "n");
INSERT INTO Alexander_task_submitted (Task_number, Sysad, Web, App) Values (2, "n", "n", "n");
INSERT INTO Alexander_task_submitted (Task_number, Sysad, Web, App) Values (3, "n", "n", "n");
create table Alexander_task_completed (Task_number INT, Sysad VARCHAR(3), Web VARCHAR(3), App VARCHAR(3));
INSERT INTO Alexander_task_completed (Task_number, Sysad, Web, App) Values (1, "n", "n", "n");
INSERT INTO Alexander_task_completed (Task_number, Sysad, Web, App) Values (2, "n", "n", "n");
INSERT INTO Alexander_task_completed (Task_number, Sysad, Web, App) Values (3, "n", "n", "n");
create table Abigail_task_submitted (Task_number INT, Sysad VARCHAR(3), Web VARCHAR(3), App VARCHAR(3));
INSERT INTO Abigail_task_submitted (Task_number, Sysad, Web, App) Values (1, "n", "n", "n");
INSERT INTO Abigail_task_submitted (Task_number, Sysad, Web, App) Values (2, "n", "n", "n");
INSERT INTO Abigail_task_submitted (Task_number, Sysad, Web, App) Values (3, "n", "n", "n");
create table Abigail_task_completed (Task_number INT, Sysad VARCHAR(3), Web VARCHAR(3), App VARCHAR(3));
INSERT INTO Abigail_task_completed (Task_number, Sysad, Web, App) Values (1, "n", "n", "n");
INSERT INTO Abigail_task_completed (Task_number, Sysad, Web, App) Values (2, "n", "n", "n");
INSERT INTO Abigail_task_completed (Task_number, Sysad, Web, App) Values (3, "n", "n", "n");
create table Michael_task_submitted (Task_number INT, Sysad VARCHAR(3), Web VARCHAR(3), App VARCHAR(3));
INSERT INTO Michael_task_submitted (Task_number, Sysad, Web, App) Values (1, "n", "n", "n");
INSERT INTO Michael_task_submitted (Task_number, Sysad, Web, App) Values (2, "n", "n", "n");
INSERT INTO Michael_task_submitted (Task_number, Sysad, Web, App) Values (3, "n", "n", "n");
create table Michael_task_completed (Task_number INT, Sysad VARCHAR(3), Web VARCHAR(3), App VARCHAR(3));
INSERT INTO Michael_task_completed (Task_number, Sysad, Web, App) Values (1, "n", "n", "n");
INSERT INTO Michael_task_completed (Task_number, Sysad, Web, App) Values (2, "n", "n", "n");
INSERT INTO Michael_task_completed (Task_number, Sysad, Web, App) Values (3, "n", "n", "n");
create table Elizabeth_task_submitted (Task_number INT, Sysad VARCHAR(3), Web VARCHAR(3), App VARCHAR(3));
INSERT INTO Elizabeth_task_submitted (Task_number, Sysad, Web, App) Values (1, "n", "n", "n");
INSERT INTO Elizabeth_task_submitted (Task_number, Sysad, Web, App) Values (2, "n", "n", "n");
INSERT INTO Elizabeth_task_submitted (Task_number, Sysad, Web, App) Values (3, "n", "n", "n");
create table Elizabeth_task_completed (Task_number INT, Sysad VARCHAR(3), Web VARCHAR(3), App VARCHAR(3));
INSERT INTO Elizabeth_task_completed (Task_number, Sysad, Web, App) Values (1, "n", "n", "n");
INSERT INTO Elizabeth_task_completed (Task_number, Sysad, Web, App) Values (2, "n", "n", "n");
INSERT INTO Elizabeth_task_completed (Task_number, Sysad, Web, App) Values (3, "n", "n", "n");
create table Ethan_task_submitted (Task_number INT, Sysad VARCHAR(3), Web VARCHAR(3), App VARCHAR(3));
INSERT INTO Ethan_task_submitted (Task_number, Sysad, Web, App) Values (1, "n", "n", "n");
INSERT INTO Ethan_task_submitted (Task_number, Sysad, Web, App) Values (2, "n", "n", "n");
INSERT INTO Ethan_task_submitted (Task_number, Sysad, Web, App) Values (3, "n", "n", "n");
create table Ethan_task_completed (Task_number INT, Sysad VARCHAR(3), Web VARCHAR(3), App VARCHAR(3));
INSERT INTO Ethan_task_completed (Task_number, Sysad, Web, App) Values (1, "n", "n", "n");
INSERT INTO Ethan_task_completed (Task_number, Sysad, Web, App) Values (2, "n", "n", "n");
INSERT INTO Ethan_task_completed (Task_number, Sysad, Web, App) Values (3, "n", "n", "n");
create table Emily_task_submitted (Task_number INT, Sysad VARCHAR(3), Web VARCHAR(3), App VARCHAR(3));
INSERT INTO Emily_task_submitted (Task_number, Sysad, Web, App) Values (1, "n", "n", "n");
INSERT INTO Emily_task_submitted (Task_number, Sysad, Web, App) Values (2, "n", "n", "n");
INSERT INTO Emily_task_submitted (Task_number, Sysad, Web, App) Values (3, "n", "n", "n");
create table Emily_task_completed (Task_number INT, Sysad VARCHAR(3), Web VARCHAR(3), App VARCHAR(3));
INSERT INTO Emily_task_completed (Task_number, Sysad, Web, App) Values (1, "n", "n", "n");
INSERT INTO Emily_task_completed (Task_number, Sysad, Web, App) Values (2, "n", "n", "n");
INSERT INTO Emily_task_completed (Task_number, Sysad, Web, App) Values (3, "n", "n", "n");
create table Daniel_task_submitted (Task_number INT, Sysad VARCHAR(3), Web VARCHAR(3), App VARCHAR(3));
INSERT INTO Daniel_task_submitted (Task_number, Sysad, Web, App) Values (1, "n", "n", "n");
INSERT INTO Daniel_task_submitted (Task_number, Sysad, Web, App) Values (2, "n", "n", "n");
INSERT INTO Daniel_task_submitted (Task_number, Sysad, Web, App) Values (3, "n", "n", "n");
create table Daniel_task_completed (Task_number INT, Sysad VARCHAR(3), Web VARCHAR(3), App VARCHAR(3));
INSERT INTO Daniel_task_completed (Task_number, Sysad, Web, App) Values (1, "n", "n", "n");
INSERT INTO Daniel_task_completed (Task_number, Sysad, Web, App) Values (2, "n", "n", "n");
INSERT INTO Daniel_task_completed (Task_number, Sysad, Web, App) Values (3, "n", "n", "n");
create table Sofia_task_submitted (Task_number INT, Sysad VARCHAR(3), Web VARCHAR(3), App VARCHAR(3));
INSERT INTO Sofia_task_submitted (Task_number, Sysad, Web, App) Values (1, "n", "n", "n");
INSERT INTO Sofia_task_submitted (Task_number, Sysad, Web, App) Values (2, "n", "n", "n");
INSERT INTO Sofia_task_submitted (Task_number, Sysad, Web, App) Values (3, "n", "n", "n");
create table Sofia_task_completed (Task_number INT, Sysad VARCHAR(3), Web VARCHAR(3), App VARCHAR(3));
INSERT INTO Sofia_task_completed (Task_number, Sysad, Web, App) Values (1, "n", "n", "n");
INSERT INTO Sofia_task_completed (Task_number, Sysad, Web, App) Values (2, "n", "n", "n");
INSERT INTO Sofia_task_completed (Task_number, Sysad, Web, App) Values (3, "n", "n", "n");
create table Matthew_task_submitted (Task_number INT, Sysad VARCHAR(3), Web VARCHAR(3), App VARCHAR(3));
INSERT INTO Matthew_task_submitted (Task_number, Sysad, Web, App) Values (1, "n", "n", "n");
INSERT INTO Matthew_task_submitted (Task_number, Sysad, Web, App) Values (2, "n", "n", "n");
INSERT INTO Matthew_task_submitted (Task_number, Sysad, Web, App) Values (3, "n", "n", "n");
create table Matthew_task_completed (Task_number INT, Sysad VARCHAR(3), Web VARCHAR(3), App VARCHAR(3));
INSERT INTO Matthew_task_completed (Task_number, Sysad, Web, App) Values (1, "n", "n", "n");
INSERT INTO Matthew_task_completed (Task_number, Sysad, Web, App) Values (2, "n", "n", "n");
INSERT INTO Matthew_task_completed (Task_number, Sysad, Web, App) Values (3, "n", "n", "n");
create table Avery_task_submitted (Task_number INT, Sysad VARCHAR(3), Web VARCHAR(3), App VARCHAR(3));
INSERT INTO Avery_task_submitted (Task_number, Sysad, Web, App) Values (1, "n", "n", "n");
INSERT INTO Avery_task_submitted (Task_number, Sysad, Web, App) Values (2, "n", "n", "n");
INSERT INTO Avery_task_submitted (Task_number, Sysad, Web, App) Values (3, "n", "n", "n");
create table Avery_task_completed (Task_number INT, Sysad VARCHAR(3), Web VARCHAR(3), App VARCHAR(3));
INSERT INTO Avery_task_completed (Task_number, Sysad, Web, App) Values (1, "n", "n", "n");
INSERT INTO Avery_task_completed (Task_number, Sysad, Web, App) Values (2, "n", "n", "n");
INSERT INTO Avery_task_completed (Task_number, Sysad, Web, App) Values (3, "n", "n", "n");
create table Madison_task_submitted (Task_number INT, Sysad VARCHAR(3), Web VARCHAR(3), App VARCHAR(3));
INSERT INTO Madison_task_submitted (Task_number, Sysad, Web, App) Values (1, "n", "n", "n");
INSERT INTO Madison_task_submitted (Task_number, Sysad, Web, App) Values (2, "n", "n", "n");
INSERT INTO Madison_task_submitted (Task_number, Sysad, Web, App) Values (3, "n", "n", "n");
create table Madison_task_completed (Task_number INT, Sysad VARCHAR(3), Web VARCHAR(3), App VARCHAR(3));
INSERT INTO Madison_task_completed (Task_number, Sysad, Web, App) Values (1, "n", "n", "n");
INSERT INTO Madison_task_completed (Task_number, Sysad, Web, App) Values (2, "n", "n", "n");
INSERT INTO Madison_task_completed (Task_number, Sysad, Web, App) Values (3, "n", "n", "n");
create table Jackson_task_submitted (Task_number INT, Sysad VARCHAR(3), Web VARCHAR(3), App VARCHAR(3));
INSERT INTO Jackson_task_submitted (Task_number, Sysad, Web, App) Values (1, "n", "n", "n");
INSERT INTO Jackson_task_submitted (Task_number, Sysad, Web, App) Values (2, "n", "n", "n");
INSERT INTO Jackson_task_submitted (Task_number, Sysad, Web, App) Values (3, "n", "n", "n");
create table Jackson_task_completed (Task_number INT, Sysad VARCHAR(3), Web VARCHAR(3), App VARCHAR(3));
INSERT INTO Jackson_task_completed (Task_number, Sysad, Web, App) Values (1, "n", "n", "n");
INSERT INTO Jackson_task_completed (Task_number, Sysad, Web, App) Values (2, "n", "n", "n");
INSERT INTO Jackson_task_completed (Task_number, Sysad, Web, App) Values (3, "n", "n", "n");
create table Scarlett_task_submitted (Task_number INT, Sysad VARCHAR(3), Web VARCHAR(3), App VARCHAR(3));
INSERT INTO Scarlett_task_submitted (Task_number, Sysad, Web, App) Values (1, "n", "n", "n");
INSERT INTO Scarlett_task_submitted (Task_number, Sysad, Web, App) Values (2, "n", "n", "n");
INSERT INTO Scarlett_task_submitted (Task_number, Sysad, Web, App) Values (3, "n", "n", "n");
create table Scarlett_task_completed (Task_number INT, Sysad VARCHAR(3), Web VARCHAR(3), App VARCHAR(3));
INSERT INTO Scarlett_task_completed (Task_number, Sysad, Web, App) Values (1, "n", "n", "n");
INSERT INTO Scarlett_task_completed (Task_number, Sysad, Web, App) Values (2, "n", "n", "n");
INSERT INTO Scarlett_task_completed (Task_number, Sysad, Web, App) Values (3, "n", "n", "n");
create table Aiden_task_submitted (Task_number INT, Sysad VARCHAR(3), Web VARCHAR(3), App VARCHAR(3));
INSERT INTO Aiden_task_submitted (Task_number, Sysad, Web, App) Values (1, "n", "n", "n");
INSERT INTO Aiden_task_submitted (Task_number, Sysad, Web, App) Values (2, "n", "n", "n");
INSERT INTO Aiden_task_submitted (Task_number, Sysad, Web, App) Values (3, "n", "n", "n");
create table Aiden_task_completed (Task_number INT, Sysad VARCHAR(3), Web VARCHAR(3), App VARCHAR(3));
INSERT INTO Aiden_task_completed (Task_number, Sysad, Web, App) Values (1, "n", "n", "n");
INSERT INTO Aiden_task_completed (Task_number, Sysad, Web, App) Values (2, "n", "n", "n");
INSERT INTO Aiden_task_completed (Task_number, Sysad, Web, App) Values (3, "n", "n", "n");
create table Grace_task_submitted (Task_number INT, Sysad VARCHAR(3), Web VARCHAR(3), App VARCHAR(3));
INSERT INTO Grace_task_submitted (Task_number, Sysad, Web, App) Values (1, "n", "n", "n");
INSERT INTO Grace_task_submitted (Task_number, Sysad, Web, App) Values (2, "n", "n", "n");
INSERT INTO Grace_task_submitted (Task_number, Sysad, Web, App) Values (3, "n", "n", "n");
create table Grace_task_completed (Task_number INT, Sysad VARCHAR(3), Web VARCHAR(3), App VARCHAR(3));
INSERT INTO Grace_task_completed (Task_number, Sysad, Web, App) Values (1, "n", "n", "n");
INSERT INTO Grace_task_completed (Task_number, Sysad, Web, App) Values (2, "n", "n", "n");
INSERT INTO Grace_task_completed (Task_number, Sysad, Web, App) Values (3, "n", "n", "n");
create table Samuel_task_submitted (Task_number INT, Sysad VARCHAR(3), Web VARCHAR(3), App VARCHAR(3));
INSERT INTO Samuel_task_submitted (Task_number, Sysad, Web, App) Values (1, "n", "n", "n");
INSERT INTO Samuel_task_submitted (Task_number, Sysad, Web, App) Values (2, "n", "n", "n");
INSERT INTO Samuel_task_submitted (Task_number, Sysad, Web, App) Values (3, "n", "n", "n");
create table Samuel_task_completed (Task_number INT, Sysad VARCHAR(3), Web VARCHAR(3), App VARCHAR(3));
INSERT INTO Samuel_task_completed (Task_number, Sysad, Web, App) Values (1, "n", "n", "n");
INSERT INTO Samuel_task_completed (Task_number, Sysad, Web, App) Values (2, "n", "n", "n");
INSERT INTO Samuel_task_completed (Task_number, Sysad, Web, App) Values (3, "n", "n", "n");
create table Victoria_task_submitted (Task_number INT, Sysad VARCHAR(3), Web VARCHAR(3), App VARCHAR(3));
INSERT INTO Victoria_task_submitted (Task_number, Sysad, Web, App) Values (1, "n", "n", "n");
INSERT INTO Victoria_task_submitted (Task_number, Sysad, Web, App) Values (2, "n", "n", "n");
INSERT INTO Victoria_task_submitted (Task_number, Sysad, Web, App) Values (3, "n", "n", "n");
create table Victoria_task_completed (Task_number INT, Sysad VARCHAR(3), Web VARCHAR(3), App VARCHAR(3));
INSERT INTO Victoria_task_completed (Task_number, Sysad, Web, App) Values (1, "n", "n", "n");
INSERT INTO Victoria_task_completed (Task_number, Sysad, Web, App) Values (2, "n", "n", "n");
INSERT INTO Victoria_task_completed (Task_number, Sysad, Web, App) Values (3, "n", "n", "n");
create table David_task_submitted (Task_number INT, Sysad VARCHAR(3), Web VARCHAR(3), App VARCHAR(3));
INSERT INTO David_task_submitted (Task_number, Sysad, Web, App) Values (1, "n", "n", "n");
INSERT INTO David_task_submitted (Task_number, Sysad, Web, App) Values (2, "n", "n", "n");
INSERT INTO David_task_submitted (Task_number, Sysad, Web, App) Values (3, "n", "n", "n");
create table David_task_completed (Task_number INT, Sysad VARCHAR(3), Web VARCHAR(3), App VARCHAR(3));
INSERT INTO David_task_completed (Task_number, Sysad, Web, App) Values (1, "n", "n", "n");
INSERT INTO David_task_completed (Task_number, Sysad, Web, App) Values (2, "n", "n", "n");
INSERT INTO David_task_completed (Task_number, Sysad, Web, App) Values (3, "n", "n", "n");
create table Lily_task_submitted (Task_number INT, Sysad VARCHAR(3), Web VARCHAR(3), App VARCHAR(3));
INSERT INTO Lily_task_submitted (Task_number, Sysad, Web, App) Values (1, "n", "n", "n");
INSERT INTO Lily_task_submitted (Task_number, Sysad, Web, App) Values (2, "n", "n", "n");
INSERT INTO Lily_task_submitted (Task_number, Sysad, Web, App) Values (3, "n", "n", "n");
create table Lily_task_completed (Task_number INT, Sysad VARCHAR(3), Web VARCHAR(3), App VARCHAR(3));
INSERT INTO Lily_task_completed (Task_number, Sysad, Web, App) Values (1, "n", "n", "n");
INSERT INTO Lily_task_completed (Task_number, Sysad, Web, App) Values (2, "n", "n", "n");
INSERT INTO Lily_task_completed (Task_number, Sysad, Web, App) Values (3, "n", "n", "n");
create table Carter_task_submitted (Task_number INT, Sysad VARCHAR(3), Web VARCHAR(3), App VARCHAR(3));
INSERT INTO Carter_task_submitted (Task_number, Sysad, Web, App) Values (1, "n", "n", "n");
INSERT INTO Carter_task_submitted (Task_number, Sysad, Web, App) Values (2, "n", "n", "n");
INSERT INTO Carter_task_submitted (Task_number, Sysad, Web, App) Values (3, "n", "n", "n");
create table Carter_task_completed (Task_number INT, Sysad VARCHAR(3), Web VARCHAR(3), App VARCHAR(3));
INSERT INTO Carter_task_completed (Task_number, Sysad, Web, App) Values (1, "n", "n", "n");
INSERT INTO Carter_task_completed (Task_number, Sysad, Web, App) Values (2, "n", "n", "n");
INSERT INTO Carter_task_completed (Task_number, Sysad, Web, App) Values (3, "n", "n", "n");
create table Chloe_task_submitted (Task_number INT, Sysad VARCHAR(3), Web VARCHAR(3), App VARCHAR(3));
INSERT INTO Chloe_task_submitted (Task_number, Sysad, Web, App) Values (1, "n", "n", "n");
INSERT INTO Chloe_task_submitted (Task_number, Sysad, Web, App) Values (2, "n", "n", "n");
INSERT INTO Chloe_task_submitted (Task_number, Sysad, Web, App) Values (3, "n", "n", "n");
create table Chloe_task_completed (Task_number INT, Sysad VARCHAR(3), Web VARCHAR(3), App VARCHAR(3));
INSERT INTO Chloe_task_completed (Task_number, Sysad, Web, App) Values (1, "n", "n", "n");
INSERT INTO Chloe_task_completed (Task_number, Sysad, Web, App) Values (2, "n", "n", "n");
INSERT INTO Chloe_task_completed (Task_number, Sysad, Web, App) Values (3, "n", "n", "n");
create table Gabriel_task_submitted (Task_number INT, Sysad VARCHAR(3), Web VARCHAR(3), App VARCHAR(3));
INSERT INTO Gabriel_task_submitted (Task_number, Sysad, Web, App) Values (1, "n", "n", "n");
INSERT INTO Gabriel_task_submitted (Task_number, Sysad, Web, App) Values (2, "n", "n", "n");
INSERT INTO Gabriel_task_submitted (Task_number, Sysad, Web, App) Values (3, "n", "n", "n");
create table Gabriel_task_completed (Task_number INT, Sysad VARCHAR(3), Web VARCHAR(3), App VARCHAR(3));
INSERT INTO Gabriel_task_completed (Task_number, Sysad, Web, App) Values (1, "n", "n", "n");
INSERT INTO Gabriel_task_completed (Task_number, Sysad, Web, App) Values (2, "n", "n", "n");
INSERT INTO Gabriel_task_completed (Task_number, Sysad, Web, App) Values (3, "n", "n", "n");
create table Zoey_task_submitted (Task_number INT, Sysad VARCHAR(3), Web VARCHAR(3), App VARCHAR(3));
INSERT INTO Zoey_task_submitted (Task_number, Sysad, Web, App) Values (1, "n", "n", "n");
INSERT INTO Zoey_task_submitted (Task_number, Sysad, Web, App) Values (2, "n", "n", "n");
INSERT INTO Zoey_task_submitted (Task_number, Sysad, Web, App) Values (3, "n", "n", "n");
create table Zoey_task_completed (Task_number INT, Sysad VARCHAR(3), Web VARCHAR(3), App VARCHAR(3));
INSERT INTO Zoey_task_completed (Task_number, Sysad, Web, App) Values (1, "n", "n", "n");
INSERT INTO Zoey_task_completed (Task_number, Sysad, Web, App) Values (2, "n", "n", "n");
INSERT INTO Zoey_task_completed (Task_number, Sysad, Web, App) Values (3, "n", "n", "n");
create table Christopher_task_submitted (Task_number INT, Sysad VARCHAR(3), Web VARCHAR(3), App VARCHAR(3));
INSERT INTO Christopher_task_submitted (Task_number, Sysad, Web, App) Values (1, "n", "n", "n");
INSERT INTO Christopher_task_submitted (Task_number, Sysad, Web, App) Values (2, "n", "n", "n");
INSERT INTO Christopher_task_submitted (Task_number, Sysad, Web, App) Values (3, "n", "n", "n");
create table Christopher_task_completed (Task_number INT, Sysad VARCHAR(3), Web VARCHAR(3), App VARCHAR(3));
INSERT INTO Christopher_task_completed (Task_number, Sysad, Web, App) Values (1, "n", "n", "n");
INSERT INTO Christopher_task_completed (Task_number, Sysad, Web, App) Values (2, "n", "n", "n");
INSERT INTO Christopher_task_completed (Task_number, Sysad, Web, App) Values (3, "n", "n", "n");
create table Nora_task_submitted (Task_number INT, Sysad VARCHAR(3), Web VARCHAR(3), App VARCHAR(3));
INSERT INTO Nora_task_submitted (Task_number, Sysad, Web, App) Values (1, "n", "n", "n");
INSERT INTO Nora_task_submitted (Task_number, Sysad, Web, App) Values (2, "n", "n", "n");
INSERT INTO Nora_task_submitted (Task_number, Sysad, Web, App) Values (3, "n", "n", "n");
create table Nora_task_completed (Task_number INT, Sysad VARCHAR(3), Web VARCHAR(3), App VARCHAR(3));
INSERT INTO Nora_task_completed (Task_number, Sysad, Web, App) Values (1, "n", "n", "n");
INSERT INTO Nora_task_completed (Task_number, Sysad, Web, App) Values (2, "n", "n", "n");
INSERT INTO Nora_task_completed (Task_number, Sysad, Web, App) Values (3, "n", "n", "n");
create table Andrew_task_submitted (Task_number INT, Sysad VARCHAR(3), Web VARCHAR(3), App VARCHAR(3));
INSERT INTO Andrew_task_submitted (Task_number, Sysad, Web, App) Values (1, "n", "n", "n");
INSERT INTO Andrew_task_submitted (Task_number, Sysad, Web, App) Values (2, "n", "n", "n");
INSERT INTO Andrew_task_submitted (Task_number, Sysad, Web, App) Values (3, "n", "n", "n");
create table Andrew_task_completed (Task_number INT, Sysad VARCHAR(3), Web VARCHAR(3), App VARCHAR(3));
INSERT INTO Andrew_task_completed (Task_number, Sysad, Web, App) Values (1, "n", "n", "n");
INSERT INTO Andrew_task_completed (Task_number, Sysad, Web, App) Values (2, "n", "n", "n");
INSERT INTO Andrew_task_completed (Task_number, Sysad, Web, App) Values (3, "n", "n", "n");
create table Layla_task_submitted (Task_number INT, Sysad VARCHAR(3), Web VARCHAR(3), App VARCHAR(3));
INSERT INTO Layla_task_submitted (Task_number, Sysad, Web, App) Values (1, "n", "n", "n");
INSERT INTO Layla_task_submitted (Task_number, Sysad, Web, App) Values (2, "n", "n", "n");
INSERT INTO Layla_task_submitted (Task_number, Sysad, Web, App) Values (3, "n", "n", "n");
create table Layla_task_completed (Task_number INT, Sysad VARCHAR(3), Web VARCHAR(3), App VARCHAR(3));
INSERT INTO Layla_task_completed (Task_number, Sysad, Web, App) Values (1, "n", "n", "n");
INSERT INTO Layla_task_completed (Task_number, Sysad, Web, App) Values (2, "n", "n", "n");
INSERT INTO Layla_task_completed (Task_number, Sysad, Web, App) Values (3, "n", "n", "n");
create table Joshua_task_submitted (Task_number INT, Sysad VARCHAR(3), Web VARCHAR(3), App VARCHAR(3));
INSERT INTO Joshua_task_submitted (Task_number, Sysad, Web, App) Values (1, "n", "n", "n");
INSERT INTO Joshua_task_submitted (Task_number, Sysad, Web, App) Values (2, "n", "n", "n");
INSERT INTO Joshua_task_submitted (Task_number, Sysad, Web, App) Values (3, "n", "n", "n");
create table Joshua_task_completed (Task_number INT, Sysad VARCHAR(3), Web VARCHAR(3), App VARCHAR(3));
INSERT INTO Joshua_task_completed (Task_number, Sysad, Web, App) Values (1, "n", "n", "n");
INSERT INTO Joshua_task_completed (Task_number, Sysad, Web, App) Values (2, "n", "n", "n");
INSERT INTO Joshua_task_completed (Task_number, Sysad, Web, App) Values (3, "n", "n", "n");
create table Riley_task_submitted (Task_number INT, Sysad VARCHAR(3), Web VARCHAR(3), App VARCHAR(3));
INSERT INTO Riley_task_submitted (Task_number, Sysad, Web, App) Values (1, "n", "n", "n");
INSERT INTO Riley_task_submitted (Task_number, Sysad, Web, App) Values (2, "n", "n", "n");
INSERT INTO Riley_task_submitted (Task_number, Sysad, Web, App) Values (3, "n", "n", "n");
create table Riley_task_completed (Task_number INT, Sysad VARCHAR(3), Web VARCHAR(3), App VARCHAR(3));
INSERT INTO Riley_task_completed (Task_number, Sysad, Web, App) Values (1, "n", "n", "n");
INSERT INTO Riley_task_completed (Task_number, Sysad, Web, App) Values (2, "n", "n", "n");
INSERT INTO Riley_task_completed (Task_number, Sysad, Web, App) Values (3, "n", "n", "n");
create table Ella_task_submitted (Task_number INT, Sysad VARCHAR(3), Web VARCHAR(3), App VARCHAR(3));
INSERT INTO Ella_task_submitted (Task_number, Sysad, Web, App) Values (1, "n", "n", "n");
INSERT INTO Ella_task_submitted (Task_number, Sysad, Web, App) Values (2, "n", "n", "n");
INSERT INTO Ella_task_submitted (Task_number, Sysad, Web, App) Values (3, "n", "n", "n");
create table Ella_task_completed (Task_number INT, Sysad VARCHAR(3), Web VARCHAR(3), App VARCHAR(3));
INSERT INTO Ella_task_completed (Task_number, Sysad, Web, App) Values (1, "n", "n", "n");
INSERT INTO Ella_task_completed (Task_number, Sysad, Web, App) Values (2, "n", "n", "n");
INSERT INTO Ella_task_completed (Task_number, Sysad, Web, App) Values (3, "n", "n", "n");
create table christopher_task_submitted (Task_number INT, Sysad VARCHAR(3), Web VARCHAR(3), App VARCHAR(3));
INSERT INTO christopher_task_submitted (Task_number, Sysad, Web, App) Values (1, "n", "n", "n");
INSERT INTO christopher_task_submitted (Task_number, Sysad, Web, App) Values (2, "n", "n", "n");
INSERT INTO christopher_task_submitted (Task_number, Sysad, Web, App) Values (3, "n", "n", "n");
create table christopher_task_completed (Task_number INT, Sysad VARCHAR(3), Web VARCHAR(3), App VARCHAR(3));
INSERT INTO christopher_task_completed (Task_number, Sysad, Web, App) Values (1, "n", "n", "n");
INSERT INTO christopher_task_completed (Task_number, Sysad, Web, App) Values (2, "n", "n", "n");
INSERT INTO christopher_task_completed (Task_number, Sysad, Web, App) Values (3, "n", "n", "n");
create table Hannah_task_submitted (Task_number INT, Sysad VARCHAR(3), Web VARCHAR(3), App VARCHAR(3));
INSERT INTO Hannah_task_submitted (Task_number, Sysad, Web, App) Values (1, "n", "n", "n");
INSERT INTO Hannah_task_submitted (Task_number, Sysad, Web, App) Values (2, "n", "n", "n");
INSERT INTO Hannah_task_submitted (Task_number, Sysad, Web, App) Values (3, "n", "n", "n");
create table Hannah_task_completed (Task_number INT, Sysad VARCHAR(3), Web VARCHAR(3), App VARCHAR(3));
INSERT INTO Hannah_task_completed (Task_number, Sysad, Web, App) Values (1, "n", "n", "n");
INSERT INTO Hannah_task_completed (Task_number, Sysad, Web, App) Values (2, "n", "n", "n");
INSERT INTO Hannah_task_completed (Task_number, Sysad, Web, App) Values (3, "n", "n", "n");
create table Nathan_task_submitted (Task_number INT, Sysad VARCHAR(3), Web VARCHAR(3), App VARCHAR(3));
INSERT INTO Nathan_task_submitted (Task_number, Sysad, Web, App) Values (1, "n", "n", "n");
INSERT INTO Nathan_task_submitted (Task_number, Sysad, Web, App) Values (2, "n", "n", "n");
INSERT INTO Nathan_task_submitted (Task_number, Sysad, Web, App) Values (3, "n", "n", "n");
create table Nathan_task_completed (Task_number INT, Sysad VARCHAR(3), Web VARCHAR(3), App VARCHAR(3));
INSERT INTO Nathan_task_completed (Task_number, Sysad, Web, App) Values (1, "n", "n", "n");
INSERT INTO Nathan_task_completed (Task_number, Sysad, Web, App) Values (2, "n", "n", "n");
INSERT INTO Nathan_task_completed (Task_number, Sysad, Web, App) Values (3, "n", "n", "n");
create table Addison_task_submitted (Task_number INT, Sysad VARCHAR(3), Web VARCHAR(3), App VARCHAR(3));
INSERT INTO Addison_task_submitted (Task_number, Sysad, Web, App) Values (1, "n", "n", "n");
INSERT INTO Addison_task_submitted (Task_number, Sysad, Web, App) Values (2, "n", "n", "n");
INSERT INTO Addison_task_submitted (Task_number, Sysad, Web, App) Values (3, "n", "n", "n");
create table Addison_task_completed (Task_number INT, Sysad VARCHAR(3), Web VARCHAR(3), App VARCHAR(3));
INSERT INTO Addison_task_completed (Task_number, Sysad, Web, App) Values (1, "n", "n", "n");
INSERT INTO Addison_task_completed (Task_number, Sysad, Web, App) Values (2, "n", "n", "n");
INSERT INTO Addison_task_completed (Task_number, Sysad, Web, App) Values (3, "n", "n", "n");
create table Christian_task_submitted (Task_number INT, Sysad VARCHAR(3), Web VARCHAR(3), App VARCHAR(3));
INSERT INTO Christian_task_submitted (Task_number, Sysad, Web, App) Values (1, "n", "n", "n");
INSERT INTO Christian_task_submitted (Task_number, Sysad, Web, App) Values (2, "n", "n", "n");
INSERT INTO Christian_task_submitted (Task_number, Sysad, Web, App) Values (3, "n", "n", "n");
create table Christian_task_completed (Task_number INT, Sysad VARCHAR(3), Web VARCHAR(3), App VARCHAR(3));
INSERT INTO Christian_task_completed (Task_number, Sysad, Web, App) Values (1, "n", "n", "n");
INSERT INTO Christian_task_completed (Task_number, Sysad, Web, App) Values (2, "n", "n", "n");
INSERT INTO Christian_task_completed (Task_number, Sysad, Web, App) Values (3, "n", "n", "n");
create table Aubrey_task_submitted (Task_number INT, Sysad VARCHAR(3), Web VARCHAR(3), App VARCHAR(3));
INSERT INTO Aubrey_task_submitted (Task_number, Sysad, Web, App) Values (1, "n", "n", "n");
INSERT INTO Aubrey_task_submitted (Task_number, Sysad, Web, App) Values (2, "n", "n", "n");
INSERT INTO Aubrey_task_submitted (Task_number, Sysad, Web, App) Values (3, "n", "n", "n");
create table Aubrey_task_completed (Task_number INT, Sysad VARCHAR(3), Web VARCHAR(3), App VARCHAR(3));
INSERT INTO Aubrey_task_completed (Task_number, Sysad, Web, App) Values (1, "n", "n", "n");
INSERT INTO Aubrey_task_completed (Task_number, Sysad, Web, App) Values (2, "n", "n", "n");
INSERT INTO Aubrey_task_completed (Task_number, Sysad, Web, App) Values (3, "n", "n", "n");
create table joshua_task_submitted (Task_number INT, Sysad VARCHAR(3), Web VARCHAR(3), App VARCHAR(3));
INSERT INTO joshua_task_submitted (Task_number, Sysad, Web, App) Values (1, "n", "n", "n");
INSERT INTO joshua_task_submitted (Task_number, Sysad, Web, App) Values (2, "n", "n", "n");
INSERT INTO joshua_task_submitted (Task_number, Sysad, Web, App) Values (3, "n", "n", "n");
create table joshua_task_completed (Task_number INT, Sysad VARCHAR(3), Web VARCHAR(3), App VARCHAR(3));
INSERT INTO joshua_task_completed (Task_number, Sysad, Web, App) Values (1, "n", "n", "n");
INSERT INTO joshua_task_completed (Task_number, Sysad, Web, App) Values (2, "n", "n", "n");
INSERT INTO joshua_task_completed (Task_number, Sysad, Web, App) Values (3, "n", "n", "n");
create table Eleanor_task_submitted (Task_number INT, Sysad VARCHAR(3), Web VARCHAR(3), App VARCHAR(3));
INSERT INTO Eleanor_task_submitted (Task_number, Sysad, Web, App) Values (1, "n", "n", "n");
INSERT INTO Eleanor_task_submitted (Task_number, Sysad, Web, App) Values (2, "n", "n", "n");
INSERT INTO Eleanor_task_submitted (Task_number, Sysad, Web, App) Values (3, "n", "n", "n");
create table Eleanor_task_completed (Task_number INT, Sysad VARCHAR(3), Web VARCHAR(3), App VARCHAR(3));
INSERT INTO Eleanor_task_completed (Task_number, Sysad, Web, App) Values (1, "n", "n", "n");
INSERT INTO Eleanor_task_completed (Task_number, Sysad, Web, App) Values (2, "n", "n", "n");
INSERT INTO Eleanor_task_completed (Task_number, Sysad, Web, App) Values (3, "n", "n", "n");
create table Jonathan_task_submitted (Task_number INT, Sysad VARCHAR(3), Web VARCHAR(3), App VARCHAR(3));
INSERT INTO Jonathan_task_submitted (Task_number, Sysad, Web, App) Values (1, "n", "n", "n");
INSERT INTO Jonathan_task_submitted (Task_number, Sysad, Web, App) Values (2, "n", "n", "n");
INSERT INTO Jonathan_task_submitted (Task_number, Sysad, Web, App) Values (3, "n", "n", "n");
create table Jonathan_task_completed (Task_number INT, Sysad VARCHAR(3), Web VARCHAR(3), App VARCHAR(3));
INSERT INTO Jonathan_task_completed (Task_number, Sysad, Web, App) Values (1, "n", "n", "n");
INSERT INTO Jonathan_task_completed (Task_number, Sysad, Web, App) Values (2, "n", "n", "n");
INSERT INTO Jonathan_task_completed (Task_number, Sysad, Web, App) Values (3, "n", "n", "n");
create table scarlett_task_submitted (Task_number INT, Sysad VARCHAR(3), Web VARCHAR(3), App VARCHAR(3));
INSERT INTO scarlett_task_submitted (Task_number, Sysad, Web, App) Values (1, "n", "n", "n");
INSERT INTO scarlett_task_submitted (Task_number, Sysad, Web, App) Values (2, "n", "n", "n");
INSERT INTO scarlett_task_submitted (Task_number, Sysad, Web, App) Values (3, "n", "n", "n");
create table scarlett_task_completed (Task_number INT, Sysad VARCHAR(3), Web VARCHAR(3), App VARCHAR(3));
INSERT INTO scarlett_task_completed (Task_number, Sysad, Web, App) Values (1, "n", "n", "n");
INSERT INTO scarlett_task_completed (Task_number, Sysad, Web, App) Values (2, "n", "n", "n");
INSERT INTO scarlett_task_completed (Task_number, Sysad, Web, App) Values (3, "n", "n", "n");
create table Lincoln_task_submitted (Task_number INT, Sysad VARCHAR(3), Web VARCHAR(3), App VARCHAR(3));
INSERT INTO Lincoln_task_submitted (Task_number, Sysad, Web, App) Values (1, "n", "n", "n");
INSERT INTO Lincoln_task_submitted (Task_number, Sysad, Web, App) Values (2, "n", "n", "n");
INSERT INTO Lincoln_task_submitted (Task_number, Sysad, Web, App) Values (3, "n", "n", "n");
create table Lincoln_task_completed (Task_number INT, Sysad VARCHAR(3), Web VARCHAR(3), App VARCHAR(3));
INSERT INTO Lincoln_task_completed (Task_number, Sysad, Web, App) Values (1, "n", "n", "n");
INSERT INTO Lincoln_task_completed (Task_number, Sysad, Web, App) Values (2, "n", "n", "n");
INSERT INTO Lincoln_task_completed (Task_number, Sysad, Web, App) Values (3, "n", "n", "n");
create table Ellie_task_submitted (Task_number INT, Sysad VARCHAR(3), Web VARCHAR(3), App VARCHAR(3));
INSERT INTO Ellie_task_submitted (Task_number, Sysad, Web, App) Values (1, "n", "n", "n");
INSERT INTO Ellie_task_submitted (Task_number, Sysad, Web, App) Values (2, "n", "n", "n");
INSERT INTO Ellie_task_submitted (Task_number, Sysad, Web, App) Values (3, "n", "n", "n");
create table Ellie_task_completed (Task_number INT, Sysad VARCHAR(3), Web VARCHAR(3), App VARCHAR(3));
INSERT INTO Ellie_task_completed (Task_number, Sysad, Web, App) Values (1, "n", "n", "n");
INSERT INTO Ellie_task_completed (Task_number, Sysad, Web, App) Values (2, "n", "n", "n");
INSERT INTO Ellie_task_completed (Task_number, Sysad, Web, App) Values (3, "n", "n", "n");
create table Jaxon_task_submitted (Task_number INT, Sysad VARCHAR(3), Web VARCHAR(3), App VARCHAR(3));
INSERT INTO Jaxon_task_submitted (Task_number, Sysad, Web, App) Values (1, "n", "n", "n");
INSERT INTO Jaxon_task_submitted (Task_number, Sysad, Web, App) Values (2, "n", "n", "n");
INSERT INTO Jaxon_task_submitted (Task_number, Sysad, Web, App) Values (3, "n", "n", "n");
create table Jaxon_task_completed (Task_number INT, Sysad VARCHAR(3), Web VARCHAR(3), App VARCHAR(3));
INSERT INTO Jaxon_task_completed (Task_number, Sysad, Web, App) Values (1, "n", "n", "n");
INSERT INTO Jaxon_task_completed (Task_number, Sysad, Web, App) Values (2, "n", "n", "n");
INSERT INTO Jaxon_task_completed (Task_number, Sysad, Web, App) Values (3, "n", "n", "n");
create table Maya_task_submitted (Task_number INT, Sysad VARCHAR(3), Web VARCHAR(3), App VARCHAR(3));
INSERT INTO Maya_task_submitted (Task_number, Sysad, Web, App) Values (1, "n", "n", "n");
INSERT INTO Maya_task_submitted (Task_number, Sysad, Web, App) Values (2, "n", "n", "n");
INSERT INTO Maya_task_submitted (Task_number, Sysad, Web, App) Values (3, "n", "n", "n");
create table Maya_task_completed (Task_number INT, Sysad VARCHAR(3), Web VARCHAR(3), App VARCHAR(3));
INSERT INTO Maya_task_completed (Task_number, Sysad, Web, App) Values (1, "n", "n", "n");
INSERT INTO Maya_task_completed (Task_number, Sysad, Web, App) Values (2, "n", "n", "n");
INSERT INTO Maya_task_completed (Task_number, Sysad, Web, App) Values (3, "n", "n", "n");
create table Landon_task_submitted (Task_number INT, Sysad VARCHAR(3), Web VARCHAR(3), App VARCHAR(3));
INSERT INTO Landon_task_submitted (Task_number, Sysad, Web, App) Values (1, "n", "n", "n");
INSERT INTO Landon_task_submitted (Task_number, Sysad, Web, App) Values (2, "n", "n", "n");
INSERT INTO Landon_task_submitted (Task_number, Sysad, Web, App) Values (3, "n", "n", "n");
create table Landon_task_completed (Task_number INT, Sysad VARCHAR(3), Web VARCHAR(3), App VARCHAR(3));
INSERT INTO Landon_task_completed (Task_number, Sysad, Web, App) Values (1, "n", "n", "n");
INSERT INTO Landon_task_completed (Task_number, Sysad, Web, App) Values (2, "n", "n", "n");
INSERT INTO Landon_task_completed (Task_number, Sysad, Web, App) Values (3, "n", "n", "n");
create table mia_task_submitted (Task_number INT, Sysad VARCHAR(3), Web VARCHAR(3), App VARCHAR(3));
INSERT INTO mia_task_submitted (Task_number, Sysad, Web, App) Values (1, "n", "n", "n");
INSERT INTO mia_task_submitted (Task_number, Sysad, Web, App) Values (2, "n", "n", "n");
INSERT INTO mia_task_submitted (Task_number, Sysad, Web, App) Values (3, "n", "n", "n");
create table mia_task_completed (Task_number INT, Sysad VARCHAR(3), Web VARCHAR(3), App VARCHAR(3));
INSERT INTO mia_task_completed (Task_number, Sysad, Web, App) Values (1, "n", "n", "n");
INSERT INTO mia_task_completed (Task_number, Sysad, Web, App) Values (2, "n", "n", "n");
INSERT INTO mia_task_completed (Task_number, Sysad, Web, App) Values (3, "n", "n", "n");
create table Hazel_task_submitted (Task_number INT, Sysad VARCHAR(3), Web VARCHAR(3), App VARCHAR(3));
INSERT INTO Hazel_task_submitted (Task_number, Sysad, Web, App) Values (1, "n", "n", "n");
INSERT INTO Hazel_task_submitted (Task_number, Sysad, Web, App) Values (2, "n", "n", "n");
INSERT INTO Hazel_task_submitted (Task_number, Sysad, Web, App) Values (3, "n", "n", "n");
create table Hazel_task_completed (Task_number INT, Sysad VARCHAR(3), Web VARCHAR(3), App VARCHAR(3));
INSERT INTO Hazel_task_completed (Task_number, Sysad, Web, App) Values (1, "n", "n", "n");
INSERT INTO Hazel_task_completed (Task_number, Sysad, Web, App) Values (2, "n", "n", "n");
INSERT INTO Hazel_task_completed (Task_number, Sysad, Web, App) Values (3, "n", "n", "n");
create table Dylan_task_submitted (Task_number INT, Sysad VARCHAR(3), Web VARCHAR(3), App VARCHAR(3));
INSERT INTO Dylan_task_submitted (Task_number, Sysad, Web, App) Values (1, "n", "n", "n");
INSERT INTO Dylan_task_submitted (Task_number, Sysad, Web, App) Values (2, "n", "n", "n");
INSERT INTO Dylan_task_submitted (Task_number, Sysad, Web, App) Values (3, "n", "n", "n");
create table Dylan_task_completed (Task_number INT, Sysad VARCHAR(3), Web VARCHAR(3), App VARCHAR(3));
INSERT INTO Dylan_task_completed (Task_number, Sysad, Web, App) Values (1, "n", "n", "n");
INSERT INTO Dylan_task_completed (Task_number, Sysad, Web, App) Values (2, "n", "n", "n");
INSERT INTO Dylan_task_completed (Task_number, Sysad, Web, App) Values (3, "n", "n", "n");
create table Mila_task_submitted (Task_number INT, Sysad VARCHAR(3), Web VARCHAR(3), App VARCHAR(3));
INSERT INTO Mila_task_submitted (Task_number, Sysad, Web, App) Values (1, "n", "n", "n");
INSERT INTO Mila_task_submitted (Task_number, Sysad, Web, App) Values (2, "n", "n", "n");
INSERT INTO Mila_task_submitted (Task_number, Sysad, Web, App) Values (3, "n", "n", "n");
create table Mila_task_completed (Task_number INT, Sysad VARCHAR(3), Web VARCHAR(3), App VARCHAR(3));
INSERT INTO Mila_task_completed (Task_number, Sysad, Web, App) Values (1, "n", "n", "n");
INSERT INTO Mila_task_completed (Task_number, Sysad, Web, App) Values (2, "n", "n", "n");
INSERT INTO Mila_task_completed (Task_number, Sysad, Web, App) Values (3, "n", "n", "n");
create table Caleb_task_submitted (Task_number INT, Sysad VARCHAR(3), Web VARCHAR(3), App VARCHAR(3));
INSERT INTO Caleb_task_submitted (Task_number, Sysad, Web, App) Values (1, "n", "n", "n");
INSERT INTO Caleb_task_submitted (Task_number, Sysad, Web, App) Values (2, "n", "n", "n");
INSERT INTO Caleb_task_submitted (Task_number, Sysad, Web, App) Values (3, "n", "n", "n");
create table Caleb_task_completed (Task_number INT, Sysad VARCHAR(3), Web VARCHAR(3), App VARCHAR(3));
INSERT INTO Caleb_task_completed (Task_number, Sysad, Web, App) Values (1, "n", "n", "n");
INSERT INTO Caleb_task_completed (Task_number, Sysad, Web, App) Values (2, "n", "n", "n");
INSERT INTO Caleb_task_completed (Task_number, Sysad, Web, App) Values (3, "n", "n", "n");
create table Stella_task_submitted (Task_number INT, Sysad VARCHAR(3), Web VARCHAR(3), App VARCHAR(3));
INSERT INTO Stella_task_submitted (Task_number, Sysad, Web, App) Values (1, "n", "n", "n");
INSERT INTO Stella_task_submitted (Task_number, Sysad, Web, App) Values (2, "n", "n", "n");
INSERT INTO Stella_task_submitted (Task_number, Sysad, Web, App) Values (3, "n", "n", "n");
create table Stella_task_completed (Task_number INT, Sysad VARCHAR(3), Web VARCHAR(3), App VARCHAR(3));
INSERT INTO Stella_task_completed (Task_number, Sysad, Web, App) Values (1, "n", "n", "n");
INSERT INTO Stella_task_completed (Task_number, Sysad, Web, App) Values (2, "n", "n", "n");
INSERT INTO Stella_task_completed (Task_number, Sysad, Web, App) Values (3, "n", "n", "n");
create table Grayson_task_submitted (Task_number INT, Sysad VARCHAR(3), Web VARCHAR(3), App VARCHAR(3));
INSERT INTO Grayson_task_submitted (Task_number, Sysad, Web, App) Values (1, "n", "n", "n");
INSERT INTO Grayson_task_submitted (Task_number, Sysad, Web, App) Values (2, "n", "n", "n");
INSERT INTO Grayson_task_submitted (Task_number, Sysad, Web, App) Values (3, "n", "n", "n");
create table Grayson_task_completed (Task_number INT, Sysad VARCHAR(3), Web VARCHAR(3), App VARCHAR(3));
INSERT INTO Grayson_task_completed (Task_number, Sysad, Web, App) Values (1, "n", "n", "n");
INSERT INTO Grayson_task_completed (Task_number, Sysad, Web, App) Values (2, "n", "n", "n");
INSERT INTO Grayson_task_completed (Task_number, Sysad, Web, App) Values (3, "n", "n", "n");
create table Adalynn_task_submitted (Task_number INT, Sysad VARCHAR(3), Web VARCHAR(3), App VARCHAR(3));
INSERT INTO Adalynn_task_submitted (Task_number, Sysad, Web, App) Values (1, "n", "n", "n");
INSERT INTO Adalynn_task_submitted (Task_number, Sysad, Web, App) Values (2, "n", "n", "n");
INSERT INTO Adalynn_task_submitted (Task_number, Sysad, Web, App) Values (3, "n", "n", "n");
create table Adalynn_task_completed (Task_number INT, Sysad VARCHAR(3), Web VARCHAR(3), App VARCHAR(3));
INSERT INTO Adalynn_task_completed (Task_number, Sysad, Web, App) Values (1, "n", "n", "n");
INSERT INTO Adalynn_task_completed (Task_number, Sysad, Web, App) Values (2, "n", "n", "n");
INSERT INTO Adalynn_task_completed (Task_number, Sysad, Web, App) Values (3, "n", "n", "n");
create table caleb_task_submitted (Task_number INT, Sysad VARCHAR(3), Web VARCHAR(3), App VARCHAR(3));
INSERT INTO caleb_task_submitted (Task_number, Sysad, Web, App) Values (1, "n", "n", "n");
INSERT INTO caleb_task_submitted (Task_number, Sysad, Web, App) Values (2, "n", "n", "n");
INSERT INTO caleb_task_submitted (Task_number, Sysad, Web, App) Values (3, "n", "n", "n");
create table caleb_task_completed (Task_number INT, Sysad VARCHAR(3), Web VARCHAR(3), App VARCHAR(3));
INSERT INTO caleb_task_completed (Task_number, Sysad, Web, App) Values (1, "n", "n", "n");
INSERT INTO caleb_task_completed (Task_number, Sysad, Web, App) Values (2, "n", "n", "n");
INSERT INTO caleb_task_completed (Task_number, Sysad, Web, App) Values (3, "n", "n", "n");
create table avery_task_submitted (Task_number INT, Sysad VARCHAR(3), Web VARCHAR(3), App VARCHAR(3));
INSERT INTO avery_task_submitted (Task_number, Sysad, Web, App) Values (1, "n", "n", "n");
INSERT INTO avery_task_submitted (Task_number, Sysad, Web, App) Values (2, "n", "n", "n");
INSERT INTO avery_task_submitted (Task_number, Sysad, Web, App) Values (3, "n", "n", "n");
create table avery_task_completed (Task_number INT, Sysad VARCHAR(3), Web VARCHAR(3), App VARCHAR(3));
INSERT INTO avery_task_completed (Task_number, Sysad, Web, App) Values (1, "n", "n", "n");
INSERT INTO avery_task_completed (Task_number, Sysad, Web, App) Values (2, "n", "n", "n");
INSERT INTO avery_task_completed (Task_number, Sysad, Web, App) Values (3, "n", "n", "n");
create table Luke_task_submitted (Task_number INT, Sysad VARCHAR(3), Web VARCHAR(3), App VARCHAR(3));
INSERT INTO Luke_task_submitted (Task_number, Sysad, Web, App) Values (1, "n", "n", "n");
INSERT INTO Luke_task_submitted (Task_number, Sysad, Web, App) Values (2, "n", "n", "n");
INSERT INTO Luke_task_submitted (Task_number, Sysad, Web, App) Values (3, "n", "n", "n");
create table Luke_task_completed (Task_number INT, Sysad VARCHAR(3), Web VARCHAR(3), App VARCHAR(3));
INSERT INTO Luke_task_completed (Task_number, Sysad, Web, App) Values (1, "n", "n", "n");
INSERT INTO Luke_task_completed (Task_number, Sysad, Web, App) Values (2, "n", "n", "n");
INSERT INTO Luke_task_completed (Task_number, Sysad, Web, App) Values (3, "n", "n", "n");
create table Penelope_task_submitted (Task_number INT, Sysad VARCHAR(3), Web VARCHAR(3), App VARCHAR(3));
INSERT INTO Penelope_task_submitted (Task_number, Sysad, Web, App) Values (1, "n", "n", "n");
INSERT INTO Penelope_task_submitted (Task_number, Sysad, Web, App) Values (2, "n", "n", "n");
INSERT INTO Penelope_task_submitted (Task_number, Sysad, Web, App) Values (3, "n", "n", "n");
create table Penelope_task_completed (Task_number INT, Sysad VARCHAR(3), Web VARCHAR(3), App VARCHAR(3));
INSERT INTO Penelope_task_completed (Task_number, Sysad, Web, App) Values (1, "n", "n", "n");
INSERT INTO Penelope_task_completed (Task_number, Sysad, Web, App) Values (2, "n", "n", "n");
INSERT INTO Penelope_task_completed (Task_number, Sysad, Web, App) Values (3, "n", "n", "n");
create table Levi_task_submitted (Task_number INT, Sysad VARCHAR(3), Web VARCHAR(3), App VARCHAR(3));
INSERT INTO Levi_task_submitted (Task_number, Sysad, Web, App) Values (1, "n", "n", "n");
INSERT INTO Levi_task_submitted (Task_number, Sysad, Web, App) Values (2, "n", "n", "n");
INSERT INTO Levi_task_submitted (Task_number, Sysad, Web, App) Values (3, "n", "n", "n");
create table Levi_task_completed (Task_number INT, Sysad VARCHAR(3), Web VARCHAR(3), App VARCHAR(3));
INSERT INTO Levi_task_completed (Task_number, Sysad, Web, App) Values (1, "n", "n", "n");
INSERT INTO Levi_task_completed (Task_number, Sysad, Web, App) Values (2, "n", "n", "n");
INSERT INTO Levi_task_completed (Task_number, Sysad, Web, App) Values (3, "n", "n", "n");
create table Luna_task_submitted (Task_number INT, Sysad VARCHAR(3), Web VARCHAR(3), App VARCHAR(3));
INSERT INTO Luna_task_submitted (Task_number, Sysad, Web, App) Values (1, "n", "n", "n");
INSERT INTO Luna_task_submitted (Task_number, Sysad, Web, App) Values (2, "n", "n", "n");
INSERT INTO Luna_task_submitted (Task_number, Sysad, Web, App) Values (3, "n", "n", "n");
create table Luna_task_completed (Task_number INT, Sysad VARCHAR(3), Web VARCHAR(3), App VARCHAR(3));
INSERT INTO Luna_task_completed (Task_number, Sysad, Web, App) Values (1, "n", "n", "n");
INSERT INTO Luna_task_completed (Task_number, Sysad, Web, App) Values (2, "n", "n", "n");
INSERT INTO Luna_task_completed (Task_number, Sysad, Web, App) Values (3, "n", "n", "n");
create table Julian_task_submitted (Task_number INT, Sysad VARCHAR(3), Web VARCHAR(3), App VARCHAR(3));
INSERT INTO Julian_task_submitted (Task_number, Sysad, Web, App) Values (1, "n", "n", "n");
INSERT INTO Julian_task_submitted (Task_number, Sysad, Web, App) Values (2, "n", "n", "n");
INSERT INTO Julian_task_submitted (Task_number, Sysad, Web, App) Values (3, "n", "n", "n");
create table Julian_task_completed (Task_number INT, Sysad VARCHAR(3), Web VARCHAR(3), App VARCHAR(3));
INSERT INTO Julian_task_completed (Task_number, Sysad, Web, App) Values (1, "n", "n", "n");
INSERT INTO Julian_task_completed (Task_number, Sysad, Web, App) Values (2, "n", "n", "n");
INSERT INTO Julian_task_completed (Task_number, Sysad, Web, App) Values (3, "n", "n", "n");
create table Leah_task_submitted (Task_number INT, Sysad VARCHAR(3), Web VARCHAR(3), App VARCHAR(3));
INSERT INTO Leah_task_submitted (Task_number, Sysad, Web, App) Values (1, "n", "n", "n");
INSERT INTO Leah_task_submitted (Task_number, Sysad, Web, App) Values (2, "n", "n", "n");
INSERT INTO Leah_task_submitted (Task_number, Sysad, Web, App) Values (3, "n", "n", "n");
create table Leah_task_completed (Task_number INT, Sysad VARCHAR(3), Web VARCHAR(3), App VARCHAR(3));
INSERT INTO Leah_task_completed (Task_number, Sysad, Web, App) Values (1, "n", "n", "n");
INSERT INTO Leah_task_completed (Task_number, Sysad, Web, App) Values (2, "n", "n", "n");
INSERT INTO Leah_task_completed (Task_number, Sysad, Web, App) Values (3, "n", "n", "n");
create table Ryan_task_submitted (Task_number INT, Sysad VARCHAR(3), Web VARCHAR(3), App VARCHAR(3));
INSERT INTO Ryan_task_submitted (Task_number, Sysad, Web, App) Values (1, "n", "n", "n");
INSERT INTO Ryan_task_submitted (Task_number, Sysad, Web, App) Values (2, "n", "n", "n");
INSERT INTO Ryan_task_submitted (Task_number, Sysad, Web, App) Values (3, "n", "n", "n");
create table Ryan_task_completed (Task_number INT, Sysad VARCHAR(3), Web VARCHAR(3), App VARCHAR(3));
INSERT INTO Ryan_task_completed (Task_number, Sysad, Web, App) Values (1, "n", "n", "n");
INSERT INTO Ryan_task_completed (Task_number, Sysad, Web, App) Values (2, "n", "n", "n");
INSERT INTO Ryan_task_completed (Task_number, Sysad, Web, App) Values (3, "n", "n", "n");
create table Clara_task_submitted (Task_number INT, Sysad VARCHAR(3), Web VARCHAR(3), App VARCHAR(3));
INSERT INTO Clara_task_submitted (Task_number, Sysad, Web, App) Values (1, "n", "n", "n");
INSERT INTO Clara_task_submitted (Task_number, Sysad, Web, App) Values (2, "n", "n", "n");
INSERT INTO Clara_task_submitted (Task_number, Sysad, Web, App) Values (3, "n", "n", "n");
create table Clara_task_completed (Task_number INT, Sysad VARCHAR(3), Web VARCHAR(3), App VARCHAR(3));
INSERT INTO Clara_task_completed (Task_number, Sysad, Web, App) Values (1, "n", "n", "n");
INSERT INTO Clara_task_completed (Task_number, Sysad, Web, App) Values (2, "n", "n", "n");
INSERT INTO Clara_task_completed (Task_number, Sysad, Web, App) Values (3, "n", "n", "n");
create table Evan_task_submitted (Task_number INT, Sysad VARCHAR(3), Web VARCHAR(3), App VARCHAR(3));
INSERT INTO Evan_task_submitted (Task_number, Sysad, Web, App) Values (1, "n", "n", "n");
INSERT INTO Evan_task_submitted (Task_number, Sysad, Web, App) Values (2, "n", "n", "n");
INSERT INTO Evan_task_submitted (Task_number, Sysad, Web, App) Values (3, "n", "n", "n");
create table Evan_task_completed (Task_number INT, Sysad VARCHAR(3), Web VARCHAR(3), App VARCHAR(3));
INSERT INTO Evan_task_completed (Task_number, Sysad, Web, App) Values (1, "n", "n", "n");
INSERT INTO Evan_task_completed (Task_number, Sysad, Web, App) Values (2, "n", "n", "n");
INSERT INTO Evan_task_completed (Task_number, Sysad, Web, App) Values (3, "n", "n", "n");
create table Vivian_task_submitted (Task_number INT, Sysad VARCHAR(3), Web VARCHAR(3), App VARCHAR(3));
INSERT INTO Vivian_task_submitted (Task_number, Sysad, Web, App) Values (1, "n", "n", "n");
INSERT INTO Vivian_task_submitted (Task_number, Sysad, Web, App) Values (2, "n", "n", "n");
INSERT INTO Vivian_task_submitted (Task_number, Sysad, Web, App) Values (3, "n", "n", "n");
create table Vivian_task_completed (Task_number INT, Sysad VARCHAR(3), Web VARCHAR(3), App VARCHAR(3));
INSERT INTO Vivian_task_completed (Task_number, Sysad, Web, App) Values (1, "n", "n", "n");
INSERT INTO Vivian_task_completed (Task_number, Sysad, Web, App) Values (2, "n", "n", "n");
INSERT INTO Vivian_task_completed (Task_number, Sysad, Web, App) Values (3, "n", "n", "n");
create table Nolan_task_submitted (Task_number INT, Sysad VARCHAR(3), Web VARCHAR(3), App VARCHAR(3));
INSERT INTO Nolan_task_submitted (Task_number, Sysad, Web, App) Values (1, "n", "n", "n");
INSERT INTO Nolan_task_submitted (Task_number, Sysad, Web, App) Values (2, "n", "n", "n");
INSERT INTO Nolan_task_submitted (Task_number, Sysad, Web, App) Values (3, "n", "n", "n");
create table Nolan_task_completed (Task_number INT, Sysad VARCHAR(3), Web VARCHAR(3), App VARCHAR(3));
INSERT INTO Nolan_task_completed (Task_number, Sysad, Web, App) Values (1, "n", "n", "n");
INSERT INTO Nolan_task_completed (Task_number, Sysad, Web, App) Values (2, "n", "n", "n");
INSERT INTO Nolan_task_completed (Task_number, Sysad, Web, App) Values (3, "n", "n", "n");
create table Sarah_task_submitted (Task_number INT, Sysad VARCHAR(3), Web VARCHAR(3), App VARCHAR(3));
INSERT INTO Sarah_task_submitted (Task_number, Sysad, Web, App) Values (1, "n", "n", "n");
INSERT INTO Sarah_task_submitted (Task_number, Sysad, Web, App) Values (2, "n", "n", "n");
INSERT INTO Sarah_task_submitted (Task_number, Sysad, Web, App) Values (3, "n", "n", "n");
create table Sarah_task_completed (Task_number INT, Sysad VARCHAR(3), Web VARCHAR(3), App VARCHAR(3));
INSERT INTO Sarah_task_completed (Task_number, Sysad, Web, App) Values (1, "n", "n", "n");
INSERT INTO Sarah_task_completed (Task_number, Sysad, Web, App) Values (2, "n", "n", "n");
INSERT INTO Sarah_task_completed (Task_number, Sysad, Web, App) Values (3, "n", "n", "n");
create table Ian_task_submitted (Task_number INT, Sysad VARCHAR(3), Web VARCHAR(3), App VARCHAR(3));
INSERT INTO Ian_task_submitted (Task_number, Sysad, Web, App) Values (1, "n", "n", "n");
INSERT INTO Ian_task_submitted (Task_number, Sysad, Web, App) Values (2, "n", "n", "n");
INSERT INTO Ian_task_submitted (Task_number, Sysad, Web, App) Values (3, "n", "n", "n");
create table Ian_task_completed (Task_number INT, Sysad VARCHAR(3), Web VARCHAR(3), App VARCHAR(3));
INSERT INTO Ian_task_completed (Task_number, Sysad, Web, App) Values (1, "n", "n", "n");
INSERT INTO Ian_task_completed (Task_number, Sysad, Web, App) Values (2, "n", "n", "n");
INSERT INTO Ian_task_completed (Task_number, Sysad, Web, App) Values (3, "n", "n", "n");
create table Audrey_task_submitted (Task_number INT, Sysad VARCHAR(3), Web VARCHAR(3), App VARCHAR(3));
INSERT INTO Audrey_task_submitted (Task_number, Sysad, Web, App) Values (1, "n", "n", "n");
INSERT INTO Audrey_task_submitted (Task_number, Sysad, Web, App) Values (2, "n", "n", "n");
INSERT INTO Audrey_task_submitted (Task_number, Sysad, Web, App) Values (3, "n", "n", "n");
create table Audrey_task_completed (Task_number INT, Sysad VARCHAR(3), Web VARCHAR(3), App VARCHAR(3));
INSERT INTO Audrey_task_completed (Task_number, Sysad, Web, App) Values (1, "n", "n", "n");
INSERT INTO Audrey_task_completed (Task_number, Sysad, Web, App) Values (2, "n", "n", "n");
INSERT INTO Audrey_task_completed (Task_number, Sysad, Web, App) Values (3, "n", "n", "n");
create table Cooper_task_submitted (Task_number INT, Sysad VARCHAR(3), Web VARCHAR(3), App VARCHAR(3));
INSERT INTO Cooper_task_submitted (Task_number, Sysad, Web, App) Values (1, "n", "n", "n");
INSERT INTO Cooper_task_submitted (Task_number, Sysad, Web, App) Values (2, "n", "n", "n");
INSERT INTO Cooper_task_submitted (Task_number, Sysad, Web, App) Values (3, "n", "n", "n");
create table Cooper_task_completed (Task_number INT, Sysad VARCHAR(3), Web VARCHAR(3), App VARCHAR(3));
INSERT INTO Cooper_task_completed (Task_number, Sysad, Web, App) Values (1, "n", "n", "n");
INSERT INTO Cooper_task_completed (Task_number, Sysad, Web, App) Values (2, "n", "n", "n");
INSERT INTO Cooper_task_completed (Task_number, Sysad, Web, App) Values (3, "n", "n", "n");
create table Lucy_task_submitted (Task_number INT, Sysad VARCHAR(3), Web VARCHAR(3), App VARCHAR(3));
INSERT INTO Lucy_task_submitted (Task_number, Sysad, Web, App) Values (1, "n", "n", "n");
INSERT INTO Lucy_task_submitted (Task_number, Sysad, Web, App) Values (2, "n", "n", "n");
INSERT INTO Lucy_task_submitted (Task_number, Sysad, Web, App) Values (3, "n", "n", "n");
create table Lucy_task_completed (Task_number INT, Sysad VARCHAR(3), Web VARCHAR(3), App VARCHAR(3));
INSERT INTO Lucy_task_completed (Task_number, Sysad, Web, App) Values (1, "n", "n", "n");
INSERT INTO Lucy_task_completed (Task_number, Sysad, Web, App) Values (2, "n", "n", "n");
INSERT INTO Lucy_task_completed (Task_number, Sysad, Web, App) Values (3, "n", "n", "n");
create table Mateo_task_submitted (Task_number INT, Sysad VARCHAR(3), Web VARCHAR(3), App VARCHAR(3));
INSERT INTO Mateo_task_submitted (Task_number, Sysad, Web, App) Values (1, "n", "n", "n");
INSERT INTO Mateo_task_submitted (Task_number, Sysad, Web, App) Values (2, "n", "n", "n");
INSERT INTO Mateo_task_submitted (Task_number, Sysad, Web, App) Values (3, "n", "n", "n");
create table Mateo_task_completed (Task_number INT, Sysad VARCHAR(3), Web VARCHAR(3), App VARCHAR(3));
INSERT INTO Mateo_task_completed (Task_number, Sysad, Web, App) Values (1, "n", "n", "n");
INSERT INTO Mateo_task_completed (Task_number, Sysad, Web, App) Values (2, "n", "n", "n");
INSERT INTO Mateo_task_completed (Task_number, Sysad, Web, App) Values (3, "n", "n", "n");
create table Paisley_task_submitted (Task_number INT, Sysad VARCHAR(3), Web VARCHAR(3), App VARCHAR(3));
INSERT INTO Paisley_task_submitted (Task_number, Sysad, Web, App) Values (1, "n", "n", "n");
INSERT INTO Paisley_task_submitted (Task_number, Sysad, Web, App) Values (2, "n", "n", "n");
INSERT INTO Paisley_task_submitted (Task_number, Sysad, Web, App) Values (3, "n", "n", "n");
create table Paisley_task_completed (Task_number INT, Sysad VARCHAR(3), Web VARCHAR(3), App VARCHAR(3));
INSERT INTO Paisley_task_completed (Task_number, Sysad, Web, App) Values (1, "n", "n", "n");
INSERT INTO Paisley_task_completed (Task_number, Sysad, Web, App) Values (2, "n", "n", "n");
INSERT INTO Paisley_task_completed (Task_number, Sysad, Web, App) Values (3, "n", "n", "n");
create table Hudson_task_submitted (Task_number INT, Sysad VARCHAR(3), Web VARCHAR(3), App VARCHAR(3));
INSERT INTO Hudson_task_submitted (Task_number, Sysad, Web, App) Values (1, "n", "n", "n");
INSERT INTO Hudson_task_submitted (Task_number, Sysad, Web, App) Values (2, "n", "n", "n");
INSERT INTO Hudson_task_submitted (Task_number, Sysad, Web, App) Values (3, "n", "n", "n");
create table Hudson_task_completed (Task_number INT, Sysad VARCHAR(3), Web VARCHAR(3), App VARCHAR(3));
INSERT INTO Hudson_task_completed (Task_number, Sysad, Web, App) Values (1, "n", "n", "n");
INSERT INTO Hudson_task_completed (Task_number, Sysad, Web, App) Values (2, "n", "n", "n");
INSERT INTO Hudson_task_completed (Task_number, Sysad, Web, App) Values (3, "n", "n", "n");
create table ellie_task_submitted (Task_number INT, Sysad VARCHAR(3), Web VARCHAR(3), App VARCHAR(3));
INSERT INTO ellie_task_submitted (Task_number, Sysad, Web, App) Values (1, "n", "n", "n");
INSERT INTO ellie_task_submitted (Task_number, Sysad, Web, App) Values (2, "n", "n", "n");
INSERT INTO ellie_task_submitted (Task_number, Sysad, Web, App) Values (3, "n", "n", "n");
create table ellie_task_completed (Task_number INT, Sysad VARCHAR(3), Web VARCHAR(3), App VARCHAR(3));
INSERT INTO ellie_task_completed (Task_number, Sysad, Web, App) Values (1, "n", "n", "n");
INSERT INTO ellie_task_completed (Task_number, Sysad, Web, App) Values (2, "n", "n", "n");
INSERT INTO ellie_task_completed (Task_number, Sysad, Web, App) Values (3, "n", "n", "n");
create table Caroline_task_submitted (Task_number INT, Sysad VARCHAR(3), Web VARCHAR(3), App VARCHAR(3));
INSERT INTO Caroline_task_submitted (Task_number, Sysad, Web, App) Values (1, "n", "n", "n");
INSERT INTO Caroline_task_submitted (Task_number, Sysad, Web, App) Values (2, "n", "n", "n");
INSERT INTO Caroline_task_submitted (Task_number, Sysad, Web, App) Values (3, "n", "n", "n");
create table Caroline_task_completed (Task_number INT, Sysad VARCHAR(3), Web VARCHAR(3), App VARCHAR(3));
INSERT INTO Caroline_task_completed (Task_number, Sysad, Web, App) Values (1, "n", "n", "n");
INSERT INTO Caroline_task_completed (Task_number, Sysad, Web, App) Values (2, "n", "n", "n");
INSERT INTO Caroline_task_completed (Task_number, Sysad, Web, App) Values (3, "n", "n", "n");
create table samuel_task_submitted (Task_number INT, Sysad VARCHAR(3), Web VARCHAR(3), App VARCHAR(3));
INSERT INTO samuel_task_submitted (Task_number, Sysad, Web, App) Values (1, "n", "n", "n");
INSERT INTO samuel_task_submitted (Task_number, Sysad, Web, App) Values (2, "n", "n", "n");
INSERT INTO samuel_task_submitted (Task_number, Sysad, Web, App) Values (3, "n", "n", "n");
create table samuel_task_completed (Task_number INT, Sysad VARCHAR(3), Web VARCHAR(3), App VARCHAR(3));
INSERT INTO samuel_task_completed (Task_number, Sysad, Web, App) Values (1, "n", "n", "n");
INSERT INTO samuel_task_completed (Task_number, Sysad, Web, App) Values (2, "n", "n", "n");
INSERT INTO samuel_task_completed (Task_number, Sysad, Web, App) Values (3, "n", "n", "n");
create table Sydney_task_submitted (Task_number INT, Sysad VARCHAR(3), Web VARCHAR(3), App VARCHAR(3));
INSERT INTO Sydney_task_submitted (Task_number, Sysad, Web, App) Values (1, "n", "n", "n");
INSERT INTO Sydney_task_submitted (Task_number, Sysad, Web, App) Values (2, "n", "n", "n");
INSERT INTO Sydney_task_submitted (Task_number, Sysad, Web, App) Values (3, "n", "n", "n");
create table Sydney_task_completed (Task_number INT, Sysad VARCHAR(3), Web VARCHAR(3), App VARCHAR(3));
INSERT INTO Sydney_task_completed (Task_number, Sysad, Web, App) Values (1, "n", "n", "n");
INSERT INTO Sydney_task_completed (Task_number, Sysad, Web, App) Values (2, "n", "n", "n");
INSERT INTO Sydney_task_completed (Task_number, Sysad, Web, App) Values (3, "n", "n", "n");
create table Tyler_task_submitted (Task_number INT, Sysad VARCHAR(3), Web VARCHAR(3), App VARCHAR(3));
INSERT INTO Tyler_task_submitted (Task_number, Sysad, Web, App) Values (1, "n", "n", "n");
INSERT INTO Tyler_task_submitted (Task_number, Sysad, Web, App) Values (2, "n", "n", "n");
INSERT INTO Tyler_task_submitted (Task_number, Sysad, Web, App) Values (3, "n", "n", "n");
create table Tyler_task_completed (Task_number INT, Sysad VARCHAR(3), Web VARCHAR(3), App VARCHAR(3));
INSERT INTO Tyler_task_completed (Task_number, Sysad, Web, App) Values (1, "n", "n", "n");
INSERT INTO Tyler_task_completed (Task_number, Sysad, Web, App) Values (2, "n", "n", "n");
INSERT INTO Tyler_task_completed (Task_number, Sysad, Web, App) Values (3, "n", "n", "n");
create table Eva_task_submitted (Task_number INT, Sysad VARCHAR(3), Web VARCHAR(3), App VARCHAR(3));
INSERT INTO Eva_task_submitted (Task_number, Sysad, Web, App) Values (1, "n", "n", "n");
INSERT INTO Eva_task_submitted (Task_number, Sysad, Web, App) Values (2, "n", "n", "n");
INSERT INTO Eva_task_submitted (Task_number, Sysad, Web, App) Values (3, "n", "n", "n");
create table Eva_task_completed (Task_number INT, Sysad VARCHAR(3), Web VARCHAR(3), App VARCHAR(3));
INSERT INTO Eva_task_completed (Task_number, Sysad, Web, App) Values (1, "n", "n", "n");
INSERT INTO Eva_task_completed (Task_number, Sysad, Web, App) Values (2, "n", "n", "n");
INSERT INTO Eva_task_completed (Task_number, Sysad, Web, App) Values (3, "n", "n", "n");
create table Colton_task_submitted (Task_number INT, Sysad VARCHAR(3), Web VARCHAR(3), App VARCHAR(3));
INSERT INTO Colton_task_submitted (Task_number, Sysad, Web, App) Values (1, "n", "n", "n");
INSERT INTO Colton_task_submitted (Task_number, Sysad, Web, App) Values (2, "n", "n", "n");
INSERT INTO Colton_task_submitted (Task_number, Sysad, Web, App) Values (3, "n", "n", "n");
create table Colton_task_completed (Task_number INT, Sysad VARCHAR(3), Web VARCHAR(3), App VARCHAR(3));
INSERT INTO Colton_task_completed (Task_number, Sysad, Web, App) Values (1, "n", "n", "n");
INSERT INTO Colton_task_completed (Task_number, Sysad, Web, App) Values (2, "n", "n", "n");
INSERT INTO Colton_task_completed (Task_number, Sysad, Web, App) Values (3, "n", "n", "n");
